time,true_x,true_y,true_v,true_yaw,noisy_x,noisy_y,noisy_v,ekf_x,ekf_y,ekf_v,ekf_yaw,steering,acceleration,mpc_solve_time,cross_track_error
0.0,0.0,1.8,0.0,-0.0035998644512773128,0.4514088608880844,1.8576769136924376,-0.22305172007199175,0.019713923161268052,1.8027529337386061,-0.03914269463166674,-0.003599864451277135,-0.0003008670036606709,1.9999999999981593,0.2990113879999967,0.0
0.1,0.0,1.8,0.19999999999981594,-0.003599864451277135,0.49241861567322964,1.7381367375097518,0.08032257974974669,0.040786482421474125,1.7992494860848136,0.14598862765641407,-0.0035970325196621467,0.0001374340796700012,1.9999999999993863,0.256306660000007,0.0
0.2,0.01999987040988087,1.7999280028664768,0.39999999999975455,-0.0035987649786326514,0.15959672568523453,2.2881638644544404,0.23425801707432434,0.0586631001919022,1.8288275951354478,0.3189229602991304,-0.0035146572252746644,-0.0011890748203383342,1.9999999999998435,0.29415627700001323,0.08000064795472048
0.30000000000000004,0.059999611387948446,1.7997840525780513,0.599999999999739,-0.003617790184724523,-0.38442418688711893,1.5900678679789058,0.3813155455168133,0.05208913228947154,1.8130021326795243,0.4759619591170773,-0.0037051935569549777,-0.0022141663065043497,1.9999999999999958,0.2929111160000275,0.04000064795479338
0.4,0.11999921873617599,1.7995669856404786,0.7999999999997386,-0.0036709302629209795,-0.5341348823284562,1.1255585618328645,0.9384658375432484,0.06252281089538936,1.7642102319129218,0.7378876037484569,-0.004967168773321706,-9.935529223663985e-05,1.9723978472761239,0.3266897019999533,0.019999352062168765
0.5,0.19999867970759536,1.799273311879024,0.997239784727351,-0.0036741096322829847,-0.7554274667380798,1.4975092215467758,0.78660876418247,0.05636562879865742,1.7439135363554028,0.8791047270103455,-0.005944847133564135,0.0012348593998106746,1.7224610052855678,0.28733928999997715,0.09999935205910511
0.6000000000000001,0.2997219850900267,1.798906915873484,1.1694858852559078,-0.0036248515703638517,1.0131144501397387,1.9767723048891788,1.1932096551782085,0.22644814083607046,1.761796981077415,1.1061189763207149,-0.004453027428861667,-0.00016532559682795592,1.184745419687334,0.25543191899998874,0.09972258785123381
0.7000000000000001,0.4166698052906095,1.7984829955270702,1.2879604272246412,-0.003632585408512856,0.6277457948795244,1.1185774800269,1.0588993252107146,0.35509282388839586,1.7077480770499047,1.18361100605272,-0.010577229672210198,0.02592335950484593,1.1495107067945258,0.21799722500003327,0.017200562941338624
0.8,0.5454649982385349,1.7980151339305623,1.4029114979040938,-0.0022967557127770988,0.31170663628878326,2.160927851852019,1.5098103841382178,0.46900371533521334,1.7463238364691283,1.3546469223953668,-0.0032262141801218114,-6.865541794617136e-05,0.806382966536428,0.30605970999999954,0.04600188075684155
0.9,0.6857557780051105,1.797692919714114,1.4835497945577365,-0.0023006084117924708,0.7063535098242386,2.0305359403842544,1.3218830961317165,0.608496978820726,1.7723368710435428,1.4053849639765883,0.0019237913636112047,-0.09542417480493137,0.6518353253890922,0.32097010199998977,0.08641300372004966
1.0,0.8341103648545091,1.7973516133015246,1.5487333270966457,-0.007980519477416959,0.7997415528127624,1.922019991410726,1.3423185055933118,0.7474637723988823,1.7873032936191615,1.4355764280354981,7.230122528367744e-05,-0.2570416427039109,0.5439576786623206,0.26358167999995885,0.13494249125948587
1.1,0.9889787657504232,1.7961156567728092,1.6031290949628778,-0.024264292625734374,1.3668837546289527,1.4656760492602237,1.3905298480752073,0.9338219021384184,1.753882262042328,1.470916508610219,-0.02387029044881972,-0.06818695053109351,0.4895035581935938,0.22577992800000857,0.09247761921146895
1.2000000000000002,1.1492444849766892,1.792226159112106,1.6520794507822372,-0.028643581211514668,1.391766154201733,1.7094258786147862,1.5007840487879116,1.1116417373338345,1.7458923084747477,1.5202586404058793,-0.029218207218276948,-0.14421937021807282,0.4362060851257038,0.31840028500005246,0.060771250100357596
1.3,1.314384661867303,1.7874946589793617,1.6957000592948075,-0.03824068542303616,0.3599424175547149,2.137058727466365,1.6732105018630261,1.1758813769329521,1.7871951693156822,1.577738072833546,-0.023419238002369447,-0.43628327067523337,0.41281790916701205,0.3293470730000081,0.12087841019009668
1.4000000000000001,1.4838306975542934,1.7810117660381442,1.7369818502115086,-0.06986535270499328,0.9765469432093403,2.0584356106289383,1.590361056298995,1.2949812790251147,1.8172125732485598,1.6043022640467286,-0.040899399600633934,-0.4363323129985824,0.3515619258087408,0.23448090400000865,0.1884589857430883
1.5,1.6571051300162754,1.7688861512240395,1.7721380427923827,-0.10226407025818807,2.387289396603177,1.5517481495892107,1.6864030224366426,1.5554223023580127,1.7773949249559913,1.6698386337044693,-0.08356727946066433,-0.43632599744964606,0.1263768369367271,0.2911583549999932,0.16465292794086064
1.6,1.8333930959091351,1.7507951172989678,1.7847757264860555,-0.13531798686026741,2.3526530957045253,1.6758687120590259,1.4597433420441137,1.777111829726387,1.7528074974281433,1.6316412210815194,-0.11704921466646345,-0.34608608744792213,0.31932158718795384,0.2216326480000248,0.07412827890329118
1.7000000000000002,2.0102391128212824,1.726717529362324,1.8167078852048508,-0.1610615473255943,2.0787187254746553,2.126205903361965,1.6660935500374412,1.954546122305463,1.7892383369377192,1.6660585948429762,-0.1190564401858425,-0.4363323129985127,0.17695775036309488,0.27699175300000434,0.12325180350490993
1.8,2.1895586459364007,1.6975836925907837,1.8344036602411604,-0.194947339305652,2.1271709860666714,1.156242758893487,1.7327159618476013,2.122112040516681,1.67952171565607,1.6989972153704564,-0.18586705339296072,-0.008683482202638334,0.10476492405199235,0.22658904500002564,0.10459111062616565
1.9000000000000001,2.3695242610796794,1.662048565559028,1.8448801526463596,-0.19558451578215585,2.112547684403408,1.2289409778484717,1.928864872603444,2.2799444800236106,1.582606206030614,1.769042270803137,-0.21364968650867633,0.14408427049399652,0.024438022248807246,0.3143460819999859,0.08514543720908603
2.0,2.5504948725590046,1.6261951758018014,1.8473239548712403,-0.18487759169199736,3.012987882498498,1.4093167855423478,1.7580450945586612,2.511623223433276,1.5264571726172906,1.7781255435821566,-0.20880608826599412,0.16482543969988653,-0.016143933538547404,0.2900654659999873,0.06867543092047187
2.1,2.732079198931157,1.5922365191972945,1.8457095615173855,-0.17258664580086336,2.881103624357096,1.5092200459231273,1.5289129718294772,2.694532137616627,1.4962449319006208,1.7105082365733537,-0.19417958862757567,0.01969343808541867,0.10963150737726714,0.268262902999993,0.05803318835724693
2.2,2.91390814227721,1.5605399386810177,1.8566727122551123,-0.17113252313220606,2.929327373685891,1.8182608736847086,1.72384261333992,2.871985389464671,1.5210497361237199,1.7220870677036915,-0.1694541036423658,-0.11932525605627395,0.14727471055919106,0.27738853599998947,0.05664127126869147
2.3000000000000003,3.0968632847735087,1.5289210924261858,1.8714001833110314,-0.1800367421314113,2.9806936439898757,1.0729069295466716,2.0162846904710743,3.045939361002902,1.4204183671426354,1.8154260521283907,-0.2056719221367671,0.017335665579103845,0.00014273508904372352,0.353654137000035,0.06401676353488059
2.4000000000000004,3.2809785803589535,1.4954107299624646,1.8714144568199358,-0.17873893341098546,3.032108657978307,1.9271676333284196,1.6956209716569859,3.2013871490235504,1.4732847969481073,1.7766220256106378,-0.1705212228809323,-0.3045381222604065,0.019439101988838133,0.2788513049999892,0.09604192468096413
2.5,3.465138615530762,1.4621390883217995,1.8733583670188196,-0.2022675270298233,3.682923440402141,1.279287012136424,2.1195773459453324,3.4251989617964305,1.4152490593334566,1.88011565538911,-0.2015761491406569,-0.17320340733122871,-0.12094087045284606,0.35452571000001853,0.09027908739947212
2.6,3.648655343415576,1.4245049774747864,1.861264279973535,-0.21537777198502628,3.2428379028074383,1.8317664729932939,1.9173613237188631,3.57619179551425,1.4507876754546076,1.8738014949733865,-0.18846738834694365,-0.4363323129985824,-0.028810536919916117,0.27199121499995726,0.08628192006537401
2.7,3.8304814557595313,1.3847266910745715,1.8583832262815434,-0.2500946434891067,3.559445816547964,1.5508836782209638,1.9732155291147102,3.7447158896979187,1.43583847658401,1.8955656641114917,-0.21706796378022508,-0.43633231299858233,-0.10828412635326314,0.2379771299999902,0.14178788824018573
2.8000000000000003,4.010538162740742,1.3387325128741925,1.847554813646217,-0.2847577766971816,3.576444036925576,1.300124238826916,1.5840070012156022,3.875390840467923,1.3779925016127668,1.7945798644564843,-0.2602190760857632,-0.3205217096532743,0.07276037183836803,0.3547269970000002,0.12533991477933176
2.9000000000000004,4.187853490504712,1.2868300810021784,1.8548308508300537,-0.309290977342644,4.257701457565766,1.9894851572541656,1.6484215565341727,4.071840791595914,1.4493597479679958,1.759660529443096,-0.23695150920029917,-0.4363323129985734,0.09331201985901107,0.3128628820000472,0.19068828158144033
3.0,4.364535333454691,1.2303721212116545,1.8641620528159548,-0.34388785055561133,4.431608318837042,0.9126080948256257,1.6641280023214202,4.25269898700183,1.3266059414475035,1.7451260210765716,-0.2990618303084922,-0.4363323129985824,0.08551408064793418,0.37329302400002007,0.16706089813076455
3.1,4.540037055546341,1.167521925233796,1.8727134608807483,-0.3786587722064123,4.496245809809203,0.7893138889291866,1.965414927511302,4.432045872369417,1.190383279409723,1.8167952989284353,-0.3641587400915469,0.0008538208040013905,-0.047674058791338576,0.1357650109999895,0.14155138246778162
3.2,4.714042340867788,1.0982924680219905,1.8679460550016145,-0.3785948137223567,5.020370457446745,1.4063917506636943,1.9914330258258421,4.660448214712764,1.1761954815629179,1.8678190934773142,-0.3415222441747221,-0.17796747435175617,-0.10340548678765546,0.32641017700001385,0.11430987829224547
3.3000000000000003,4.8876090734742235,1.0292503506132158,1.857605506322849,-0.3920343474162853,5.041954925908794,0.6275872734731185,1.6722045182272582,4.8433964168377015,1.0371902727833955,1.8119425380617247,-0.3817422899000489,0.036343841967132536,-0.057300746584957,0.15819928000001937,0.08766339505425678
3.4000000000000004,5.059276660519258,0.9582769631405486,1.8518754316643533,-0.389332656941495,4.5389428763474475,1.2339461983660487,1.7791971625274374,4.961658229752729,1.0073662190434667,1.7890160044042005,-0.3702271395082182,0.021111556311663667,0.07685925242213366,0.32571520800001963,0.06096946054585633
3.5,5.2306052438844395,0.8879851238837745,1.8595613569065668,-0.387768585668566,5.832575314743866,0.626530057167562,1.807571505397442,5.202729086375149,0.9009626589127352,1.8136069282627376,-0.3759452285039311,0.1785859474952095,-0.01538225760221602,0.45006633900004545,0.03841155057631121
3.6,5.4027550875493295,0.8176707176276187,1.858023131146345,-0.3743418811485846,5.685731827109531,0.8005157918243743,1.5940152824714229,5.396097347986516,0.8380606848743762,1.7564478499960297,-0.35906770206234073,0.07773699835371913,0.07172829102620046,0.4068483080000078,0.030843632522450988
3.7,5.575690306433658,0.749730231699284,1.8651959602489652,-0.3685527294441897,5.964145026529215,0.7492804548463055,2.2073606074567143,5.626492049813556,0.7712135101895689,1.8949735017829934,-0.3469149354647043,0.005448105838411915,-0.1256456075186687,0.3507845220000263,0.04220290327631004
3.8000000000000003,5.74968506017471,0.6825336144341183,1.8526313994970982,-0.3681462540225007,5.782681642436056,0.44487585982834443,2.2054223337414163,5.812555865727928,0.6571628912374192,1.9741831989298086,-0.3627113874169483,0.32729315562434796,-0.2507179455063679,0.2730421100000058,0.062029452432183406
3.9000000000000004,5.922534844713485,0.6158599089054393,1.8275596049464615,-0.34298727940987295,5.90047887527164,0.2154297270581167,2.014336132525519,5.981933727047112,0.521725029488055,1.9680417885312138,-0.36063985609575555,0.4363323129985787,-0.19501237778907293,0.27413349500000095,0.08558416510255136
4.0,6.0946460456494,0.5543987373520299,1.8080583671675543,-0.30889907782902304,6.641227980192996,1.0412027905506573,1.6697998707604311,6.219341276226321,0.5658821236342995,1.8749164898819892,-0.27881172863820547,-0.0463909699594206,-0.10055172922784636,0.30529264000000467,0.10960650163578385
4.1000000000000005,6.266894132109455,0.4994319537305046,1.7980031942447696,-0.31225659002256956,6.909468506422151,0.9157652829727387,1.5085325329495394,6.449018092853177,0.5975786622985987,1.7715674310912874,-0.24803202088970044,-0.43633231299857284,0.061909123598310196,0.29694184900000664,0.13414386009961288
4.2,6.4379998031595305,0.44419605779636295,1.8041941066046006,-0.3457934963771083,6.471948458032425,-0.1515905104071842,1.5445560488719092,6.57891678198664,0.43607818767412315,1.7133122884008627,-0.32705342572508656,0.00034567180720069363,0.18650876052145046,0.28030000500001506,0.16201979182343015
4.3,6.607739611295454,0.3830441054395681,1.8228449826567457,-0.3457685500146197,6.830132836573305,0.9761374027406005,1.6997148450005017,6.761069272278568,0.4820455220379648,1.7212935796665718,-0.2892985931085015,-0.4363323129985824,0.12427906588183098,0.27051704600000903,0.09662452015055484
4.4,6.779235647765689,0.32126427229825605,1.8352728892449288,-0.3797688130163097,6.3330044438951525,0.08789983816393998,1.6190355837944357,6.846716660841395,0.36672111776687694,1.6931927244233458,-0.35290665264148613,-8.551832882538823e-05,0.1255945584321286,0.32257908100001487,0.05913102130619298
4.5,6.949686683927531,0.25322964838271955,1.8478323450881418,-0.37977509099514206,6.705416490317268,1.415742548733049,1.8818720345983624,7.000071385229025,0.48118104826915487,1.743591492705769,-0.2934617907339847,-0.4363323129985745,0.09147350679721193,0.2928904419999867,0.101166096780617
4.6000000000000005,7.121303749960147,0.18472836078973692,1.856979695767863,-0.41424142593518587,6.930117045114836,0.22144274569036426,1.860225357253883,7.141402568677845,0.3905892914100917,1.780006508746963,-0.3434825789331333,-0.4363323129985824,0.07511834454699487,0.35451886200002036,0.08828635912234503
4.7,7.291295739320929,0.10998573936056366,1.8644915302225624,-0.4488783800621814,7.669203285784553,-0.12762744005511828,1.6297313778583822,7.3342224602291255,0.2649692525412459,1.7521707957725223,-0.3960942213198071,-0.011316958663995302,0.07815709134446762,0.3465447379999773,0.08946430344725649
4.800000000000001,7.459274195478288,0.029075140983671033,1.8723072393570093,-0.4497224310391008,7.4224679021850895,0.08328841422253361,1.8655117479758858,7.490312887827559,0.17551357413367497,1.7890854759713009,-0.40568034543895903,0.00011685076506218387,0.06156156689284945,0.3238542970000253,0.1063579413294352
4.9,7.627888156736909,-0.0523169719890432,1.8784633960462942,-0.44971367981772703,7.1135350787962786,0.32409590439772074,1.8936717245585781,7.601523813632515,0.12838627826700635,1.8123169581357108,-0.40403167234065407,0.0010458958379825423,-2.926833169525074e-05,0.31191051700000116,0.14639198647351434
5.0,7.797057236260412,-0.13397522225212896,1.8784604692131246,-0.4496350927071626,7.49711549890834,-0.3918011630181809,1.551691611684249,7.7162915844466635,-0.01608968153296239,1.737933197135678,-0.4357554013355154,0.43633231299857606,0.08502522651406527,0.3123918850000109,0.21282013476273204
5.1000000000000005,7.9662324689551784,-0.21562005054293681,1.8869629918645312,-0.4145974726137429,8.443458748586417,-0.47680279701420275,1.8569015644821014,7.936759573537218,-0.14299799768268734,1.7895993011409637,-0.41313632010773693,0.43633231299857866,0.10462566550116438,0.3039795980000122,0.16652058927814606
5.2,8.138942142431137,-0.291630984062341,1.8974255584146476,-0.3794012608632835,8.160287082679938,-0.28713739861326043,2.0999467735120336,8.11986198380694,-0.23124616960854977,1.885617606215478,-0.3809712072073892,0.4363323129985824,-0.02226754855034317,0.22450000500003853,0.17796569933455236
5.300000000000001,8.315191451218286,-0.36190486718618214,1.8951988035596132,-0.34400989811657245,8.377419300867235,-0.1998926542304512,1.6519644677433343,8.295865622475919,-0.27878952655455214,1.8192211912013705,-0.33958249023246445,0.4363323129985824,-0.02591960899113158,0.2559568469999931,0.20212281621172443
5.4,8.493607331546295,-0.42582324245432746,1.8926068426605,-0.3086600694835311,8.262735258999848,-0.07748156632731201,1.6813031447901803,8.442857194947738,-0.2987113904930152,1.773615825658901,-0.2963161355657902,0.061617593229654335,0.10216451604418016,0.22194432700001698,0.19400850199318243
5.5,8.673923834507939,-0.48331728882903335,1.9028232942649181,-0.30398944180985854,8.557252890920756,-0.9505795337417924,1.9287990744340537,8.600512599713364,-0.45170621817731205,1.8268550196151163,-0.32789107108544435,0.43633231299858066,0.06743654823671148,0.15924284600004057,0.18207878753652645
5.6000000000000005,8.85548170565752,-0.5402743280393377,1.9095669490885894,-0.26849739884060053,8.807626796692634,-0.005064044924224187,1.7763246117329112,8.785223323820452,-0.42635620837734134,1.815380793409008,-0.263371868302666,0.016375644871603603,-0.025956667902384753,0.11936897999999019,0.20922629049461433
5.7,9.039596536604346,-0.5909318877509573,1.906971282298351,-0.26724647141296787,9.118717644604274,-0.7670715192408044,1.4376856242229947,8.954685244773193,-0.5133635617285547,1.711834593005798,-0.2784238775374357,0.18342915092775844,0.187241789566455,0.2380133409999985,0.1862264251549802
5.800000000000001,9.22352423991055,-0.6412905480946502,1.9256954612549964,-0.25309564188258893,9.44593766912847,-1.050458049019503,1.6554358102202713,9.143453085981266,-0.633005016853429,1.7175287005111042,-0.2882776462087935,0.43633231299858216,0.19621074747373332,0.33626068499995654,0.16424890821897029
5.9,9.409958887398782,-0.6895103812644094,1.9453165360023696,-0.2171769802482877,9.685927861265045,-0.17339114289122726,1.9511727923292017,9.371529570379401,-0.5945451855821976,1.8012573447747773,-0.21630042842662212,-0.047535302050758614,0.008245222119515661,0.2737305829999741,0.14211943265362523
6.0,9.599920919773657,-0.7314268518750069,1.9461410582143213,-0.22087861711228607,9.783907096311792,-0.8889791371952778,1.7345598764235948,9.566345350681043,-0.6698482995337235,1.7883843266960013,-0.23061306210414578,-0.005106743955162063,0.030153418360729132,0.2534435599999938,0.11555750686213756
6.1000000000000005,9.78980694058257,-0.7740642683777997,1.9491564000503943,-0.22127615833149283,9.493929618799017,-0.43699752940302994,2.0718682792819596,9.731075998557031,-0.6734826349026303,1.8645594649843094,-0.21837094223769338,-0.21548493561236007,-0.10374576481372678,0.2709126080000033,0.15350509624132602
6.2,9.979970178481834,-0.8168433481977585,1.9387818235690215,-0.23834167192186984,9.876210815762656,-0.8653478920910764,2.1429364025427393,9.920311860495636,-0.7428287724620759,1.935081679749435,-0.24462688357070705,-0.017089975157366908,-0.19126359401935453,0.25881030800002236,0.12856104362903245
6.300000000000001,10.16836758515393,-0.8626163397238186,1.919655464167086,-0.2396671502953378,10.537548249082098,-1.008301455274763,2.2195043483589103,10.167505281917098,-0.8221724672386365,2.009480606913003,-0.2518767671489215,-0.0063113257127883245,-0.25328012684144274,0.27859626800000115,0.05807087404297238
6.4,10.354846188092244,-0.9081849874680732,1.8943274514829418,-0.24015177956570133,10.615300468655052,-1.1269561187890145,2.0324091264463795,10.388499257453134,-0.9114165206407223,2.003219613592921,-0.2639479574142025,0.0019203025086741532,-0.28544342698436664,0.420380238000007,0.054611475957894444
6.5,10.538842570585212,-0.9532415759310281,1.8657831087845052,-0.24000627211655212,10.827183879660508,0.09118505920863906,2.2584028179595372,10.642481642042949,-0.7825798779017599,2.053679441416612,-0.19243121724538392,-0.43633231299857256,-0.31374426307374575,0.3836318489999826,0.06265718238054681
6.6000000000000005,10.720072891052295,-0.9975928671597394,1.8344086824771306,-0.27480743019984955,10.476526491151262,-0.5894409178116995,1.885355587270764,10.80011849850953,-0.7865863318101717,1.976502077787121,-0.22130270578012912,-0.4363323129891369,-0.23390133812441205,0.38831537099997604,0.03401612239617698
6.7,10.896630594097232,-1.0473716742865724,1.8110185486646895,-0.3090233828720099,10.92208653470142,-0.3858990482380573,1.835473275824537,10.986969191587194,-0.7526903424717655,1.9169786772402329,-0.22987139102597043,-0.4363323129826149,-0.0834716435496978,0.4426955149999685,0.01770894279483397
6.800000000000001,11.069153842656304,-1.1024498963230593,1.8026713843097197,-0.3428030556027255,11.389532437869208,-0.7336935742791588,1.8033721082956087,11.193794984784281,-0.780533187310525,1.882613119602558,-0.25749005524999724,-0.4363323129985824,-0.036498258594089755,0.40730268400000114,0.033981075564868124
6.9,11.238932350393313,-1.1630427961437941,1.7990215584503109,-0.37642703446834513,10.834340354276058,-1.4976117064958023,1.8155405877571367,11.301064692170572,-0.9522103872367278,1.855044153460332,-0.34244189846748396,-0.34749063542245245,-0.006118234363822786,0.4347417299999847,0.0637741772923739
7.0,11.406238475295451,-1.2291748326156864,1.7984097350139285,-0.40249034954134366,11.386468691608643,-1.5325891667843585,1.800710034600015,11.454510559177193,-1.10404978702167,1.840747905270864,-0.40269947603686607,0.134988031842052,-0.09090801846526766,0.32027684600001294,0.05730204742012847
7.1000000000000005,11.571708060060928,-1.2996205015206608,1.7893189331674018,-0.39272038368576423,11.656076747690195,-1.8638759856594245,1.736088973026322,11.611020307292414,-1.2908338141732016,1.8097957623992575,-0.4341265212627512,0.4363323129984703,-0.02461822539599767,0.28113225200002034,0.07896239592473768
7.2,11.737018115334214,-1.3680982940628865,1.786857110627802,-0.35934545882906654,11.473996578401206,-0.9064404261666352,1.6966665939687262,11.744403627716068,-1.2928818102870763,1.7681491531673643,-0.3780926768681456,0.4363323129985824,0.12596372837053219,0.2439620079999827,0.11023540701592308
7.300000000000001,11.904290669920524,-1.4309351926192373,1.7994534834648552,-0.3260164526404883,11.439149935031624,-1.059020374379255,1.683936921487996,11.856470445186565,-1.3151658764735572,1.7437726225649939,-0.3368663684363362,0.4362841239971509,0.14362799288416672,0.2913035100000343,0.1282787882164592
7.4,12.074757518446091,-1.4885666245405342,1.813816282753272,-0.2924567177192783,12.222929266956385,-1.9012612502363855,1.7779582396638807,12.035229415820732,-1.456753645550275,1.7703816100767755,-0.33130175147053365,0.4363323129985824,0.11881396425351784,0.17989751199996817,0.13951096857378975
7.5,12.248437407193656,-1.5408599445770588,1.8256976791786237,-0.258624860793915,12.188775139176427,-1.4878747396804253,1.9086898296913688,12.207535157924942,-1.5122818265162152,1.8173097643880272,-0.29591882491124544,0.4363323129985824,-0.041891418591872925,0.23335116399999833,0.17291535301584263
7.6000000000000005,12.424935376727465,-1.5875524162189072,1.8215085373194364,-0.22457138842284285,12.36485034882089,-1.5375654582332328,1.7326540844699212,12.376149853259186,-1.5598477206105978,1.790135737133927,-0.2615264738707239,0.4363323129985603,0.010272190669852986,0.42791686599997547,0.169173639161969
7.7,12.602512357584889,-1.628115322732594,1.8225357563864217,-0.19059605320897433,12.850824251298787,-1.6552961838966516,1.712195708546151,12.578648757422563,-1.6076884016160145,1.7745051507936616,-0.225672687693947,0.43633231299849173,0.031303143176913836,0.3608211600000004,0.16482080495318716
7.800000000000001,12.781465592659696,-1.6626422034102757,1.825666070704113,-0.15660155799041053,12.52799840517686,-1.8136690894784568,2.1323394379648555,12.740590279882634,-1.6827347091699365,1.8738283938737903,-0.20297767763738994,0.43633231299858133,-0.04311456046962701,0.4236780539999927,0.15966184044988999
7.9,12.96179813491245,-1.6911157037546474,1.8213546146571504,-0.12254867519028778,13.269595651791041,-1.7490178415894582,1.570367341102442,12.94800048638027,-1.7162012870834096,1.7918626951434964,-0.166394955788832,0.4363323129985824,0.049536363072669586,0.3391450269999723,0.15354418124326144
8.0,13.142567635811352,-1.7133803364282578,1.8263082509644173,-0.08857621098906465,12.402356806168742,-1.9313351065059026,1.6052494569909876,13.030958046819203,-1.7869737653199715,1.7308867153044853,-0.15967035427377008,0.43633231299828906,0.2017431426681769,0.3645274440000321,0.1585532720881171
8.1,13.324482491745371,-1.7295359381165805,1.8464825652312349,-0.05451135004603591,12.575146565977866,-1.9823799384051781,1.9648630686755821,13.139571541867653,-1.8537575070234222,1.8002937811003816,-0.14606351348732982,0.4363323129985824,0.0690475183027913,0.3614699079999468,0.1958994854520469
8.200000000000001,13.50885647622179,-1.7395963797231069,1.853387317061514,-0.020070191613355437,13.232218261577886,-1.7564711309595957,1.951248133605847,13.317159234074257,-1.8617318673975576,1.8457577549961908,-0.1047504755381552,0.4363323129985824,0.014926328023925317,0.48139045200002784,0.16801116046232256
8.3,13.69415788079355,-1.7433159138575594,1.8548799498639066,0.014499756365569993,13.55505579909023,-1.6576439946925055,1.5248504414957034,13.49394111544837,-1.8412947210346942,1.7574353029163245,-0.059420599426849297,0.4363323129985824,0.04472431618223134,0.40893173000000616,0.22616376450980083
8.4,13.879626377351357,-1.7406264773630005,1.8593523814821298,0.04909754538875788,14.048709991830187,-1.328347634212375,1.7078962321972277,13.71542750160081,-1.7591818051454506,1.752877234061036,0.010406740046017049,0.000591371820828817,-0.004827662633186446,0.3183358669999734,0.19822706790217998
8.5,14.065337555657182,-1.7315011807927478,1.8588696152188111,0.04914152813802097,14.691866519840394,-1.8875688278426244,2.159413975141149,13.9973664213807,-1.7705553580606714,1.8809080424176159,0.014876706937813289,-0.00018914972337495556,-0.12639064454914137,0.2024522739999952,0.07435936308913728
8.6,14.251000114081052,-1.7223700875755976,1.846230550763897,0.04912746395091272,14.079270384844525,-1.2606397491517356,2.0245682786986525,14.186686453940249,-1.6833292873664871,1.9101181979636566,0.0465300954055059,-0.43633231299858133,-0.1257366226082036,0.2550697190000051,0.05112798674288221
8.700000000000001,14.435400419379713,-1.713303673096868,1.8336568885030766,0.014691006169275767,14.557747687320067,-2.1472238695114623,1.8394101908932985,14.39025448180853,-1.7535036577466996,1.8843648951536813,-0.01794757422086768,-0.001163637705323028,-0.12014213974424784,0.15961654699998462,0.04360452861968933
8.8,14.618746321075289,-1.7106099435291693,1.8216426745286518,0.01460565763898991,14.501175170559831,-2.0066777954698507,1.4138806801313948,14.545575306869525,-1.8000915315893204,1.742483212054378,-0.034160322833326706,0.018546363318478778,-0.026382513406654165,0.1704116170000134,0.12441138900479892
8.9,14.800891158755975,-1.7079494092002347,1.8190044231879865,0.015957206480674113,15.012722190206263,-2.1067106714844597,1.9014875914577347,14.757596951986816,-1.85570814737842,1.7905530273493344,-0.05065282388059833,0.38709012293965467,0.020526115694818343,0.23834042400000044,0.06246011195330077
9.0,14.982768442689576,-1.705046909465318,1.8210570347574684,0.04561843260252729,14.648916555545268,-1.232042962176041,2.1719905695149677,14.927947876604588,-1.7591763556342062,1.8933247490343394,0.018419105141140424,-0.15647410009271778,-0.17782127906339465,0.19326145700000552,0.10937698661980377
9.1,15.164684694270084,-1.6967424137374645,1.803274906851129,0.03412655916357954,15.616889707533694,-2.116882045531773,1.5627286325828325,15.153882986087945,-1.8150592040296396,1.796961107790813,-0.014956595673057738,0.016150030161278597,0.0004332947366255133,0.19323314299998628,0.10039309976277917
9.200000000000001,15.344907188460827,-1.6905896513938405,1.8033182363247915,0.03529157821883544,15.24783424576315,-2.0077933369646996,1.4486956030520086,15.306079158795967,-1.850402263493442,1.6978971063779194,-0.0263675608405447,0.291816659130012,0.11340036963377206,0.2543768510000177,0.11275094394024676
9.3,15.525126722511907,-1.684226777748462,1.8146582732881686,0.056959694352269885,15.475579001917458,-1.558294898287325,2.1576885897876608,15.499324224447253,-1.8048527519246536,1.8348041849688845,0.013978794910271652,0.00027218600717791885,-0.08178412255065667,0.19695233800001688,0.11694767803938165
9.4,15.706298254941004,-1.6738961279419668,1.806479861033103,0.05697945133634974,15.098599707943734,-1.6337884719520452,1.6653747618502668,15.612169561892987,-1.7752167797170255,1.7708838477537958,0.0229990411624037,-0.004743447199974874,-0.01654381868019747,0.37159074099997724,0.16460818544100708
9.5,15.886653069272922,-1.6636084736670214,1.8048254791650833,0.05663669109206548,15.741882901876194,-1.7001368358152231,1.7872162169772345,15.785174290409518,-1.7591376650691306,1.77342384549342,0.02710618146746313,-0.014154160433289651,-0.0025196694326847786,0.2024083839999662,0.1613329282385881
9.600000000000001,16.066846226290746,-1.6533920033183755,1.8045735122218147,0.05561479127314861,16.34081384926319,-1.236705328582483,2.275971613375729,16.029353736263623,-1.665142852810826,1.9210282122333429,0.05961986559077559,-0.4363323129985824,-0.20111090910410834,0.2141755920000037,0.15834060023233984
9.700000000000001,16.247024571692354,-1.6433610782132626,1.784462421311404,0.021955333335040628,16.73665521527179,-1.5972637293437617,1.8587601349810188,16.27465857561894,-1.6435777501820736,1.8984124369120203,0.02746840939615991,-0.42623974442078855,-0.11075798284425294,0.2698786240000004,0.15346852757340732
9.8,16.42542780673568,-1.6394435462349284,1.7733866230269786,-0.0104560485530647,16.96695783499084,-1.3341801640977995,1.7998373188244288,16.51437292522064,-1.5856967816916885,1.871959125507157,0.012667600446919725,-0.4363323129985824,-0.11132885667237832,0.26948164499998484,0.15687747875243457
9.9,16.60275677500171,-1.6412977741110717,1.7622537373597407,-0.04353379908054933,17.22297202108145,-1.8711542724837256,2.0949836650426157,16.769495008361993,-1.6331172440316402,1.935853954065301,-0.04348677702890047,-0.0009439736022734822,-0.16588686715967693,0.19826892399998997,0.22879512759923332
10.0,16.778815184679754,-1.6489671111112012,1.745665050643773,-0.04360033994065704,17.20238271172621,-2.246563915143592,1.935486912105069,16.989388011362735,-1.7468484858788687,1.9284843558840152,-0.0831563742852306,0.43633231299839,-0.1380596075500078,0.22040861800002176,0.2392757173186701
10.100000000000001,16.953215791468473,-1.656575858847731,1.7318590898887722,-0.011039660673124452,16.71691309224297,-1.8176779391162925,1.7343376038853897,17.122428438926764,-1.7722726106841495,1.855839287842546,-0.05095779090269614,0.43633231299847947,-0.08629397449617003,0.256722185000001,0.16443383698240893
10.200000000000001,17.126391147125464,-1.6584877336811095,1.7232296924391552,0.02126350558528589,16.8875012720782,-2.10891113458872,1.812984415951537,17.26039243700794,-1.8391805566071158,1.8303786222307803,-0.038211965318445174,0.43633231299854813,-0.07430785030883767,0.21481070699996963,0.09621679228066722
10.3,17.298675161070452,-1.6548238193750187,1.7157989074082716,0.05340571367906133,17.574909084798303,-1.1340708306110705,1.8824709534057948,17.461389458195946,-1.7222450497010053,1.841510603069707,0.042392310915125186,0.4363323129985824,-0.015992866696404737,0.22275647399999343,0.2036669364096369
10.4,17.470010422433052,-1.6456648281399429,1.7141996207386312,0.08540932049419947,17.325235023236313,-1.7138391076652,1.8744777014998508,17.61259021999445,-1.7145960904632147,1.8438379694940754,0.07654116336676609,0.4362832446357874,-0.06721962990626379,0.2188951809999935,0.13276256388233784
10.5,17.64080553143326,-1.6310417594123248,1.7074776577480049,0.11737900090894726,18.202880278493733,-1.694357595627298,1.683535852420702,17.832575302980437,-1.6997142380911783,1.801375690328666,0.11028208568322118,0.4362984095552864,-0.030816796740978005,0.24483571399997572,0.15978161249701414
10.600000000000001,17.810378380289222,-1.6110455485723143,1.704395978073907,0.1492245781909345,18.230287265149787,-0.9489207192203442,1.7925117142991651,18.034435051386925,-1.553923205388383,1.8017102187778313,0.19037688904360373,-0.05776041590890458,-0.049376796729632494,0.20738923599998316,0.18964727936638584
10.700000000000001,17.978923824598077,-1.5857060595586143,1.6994582984009439,0.14528232826183363,17.757946701176472,-2.118946154054183,1.632878800643228,18.155602105356376,-1.6229702999599556,1.741294558835519,0.14803463769508163,0.24367120890644672,-0.004431599366712619,0.16979794500002754,0.12168993868979568
10.8,18.147079287380702,-1.561102697666395,1.6990151384642727,0.1621825085820432,18.541137703385765,-1.7853118860521202,1.5625534362153348,18.34255035719017,-1.631285770064341,1.694162898396443,0.15184570236489048,0.4363323129985824,0.12927178235835773,0.20835034999998925,0.15293945522477337
10.9,18.314751220877504,-1.5336682826962849,1.7119423167001084,0.19387305939752997,18.011672541872276,-1.6762279915588345,1.8275010093073654,18.462442289401995,-1.6149334640553203,1.731794769438662,0.18167603705139657,0.43615264755411287,0.02763080196349467,0.22200520699999515,0.08604510645337056
11.0,18.482738198792465,-1.5006858599823047,1.7147053968964578,0.2257897548654304,18.515958105445836,-2.693587892017132,1.49066884593722,18.612978854284894,-1.7722856329938597,1.6606496665626036,0.14334369898384303,0.43633231299836156,0.37611008822834335,0.25680419500002927,0.1174427055352319
11.100000000000001,18.649856405299623,-1.462297697284817,1.7523164057192921,0.25777296518751314,17.72258978480626,-1.6246205689037714,1.619981114505113,18.658929668597953,-1.7235663921241249,1.6580199217975577,0.18590046548448536,0.4363323129983053,0.28195056408540004,0.22947883099999444,0.06709732129144678
11.200000000000001,18.819298411480816,-1.4176262925741743,1.7805114621278322,0.2904577075673913,18.70044260606042,-1.4311895261594334,1.8701676728493064,18.8163843078997,-1.6469978050098282,1.7365351368650541,0.23544379087492961,0.4363323129985824,0.17018092333325072,0.23379566500000237,0.05268081590779102
11.3,18.989891510217625,-1.366634084041315,1.7975295544611571,0.32366835277631,18.632623589524638,-1.3169002121997153,1.7969739101267816,18.94733891763831,-1.5556879426480148,1.7606929314514832,0.28835108537961673,0.23593234959585002,0.015348147637527634,0.23449946499999896,0.11957242778846387
11.4,19.16031081011896,-1.309464273714957,1.79906436922491,0.34095409581078107,19.02203107113176,-1.417235662040207,1.6443233345203105,19.09956183880371,-1.4917457963299348,1.727957730426262,0.3104111159857412,0.011256492691902842,0.13463563387388902,0.12001296900001535,0.10997911740705293
11.5,19.32986112331311,-1.2493060046082698,1.812527932612299,0.34176417622277366,19.72460666789092,-1.8278253504205595,1.7484680154645798,19.318075053194434,-1.5073876236694,1.7493229683386562,0.28273199936677873,0.4363323129985824,0.1298748241098828,0.13909936199996764,0.10996494551137767
11.600000000000001,19.500631137488334,-1.1885591748671915,1.8255154150232873,0.37557200244665223,19.983928872829633,-1.4720162494616218,2.053002483895046,19.554515832490903,-1.4615527045643026,1.8522873220787843,0.31142680597212635,0.4363323129985824,-0.05148987177419575,0.14301720700001397,0.11812065883914252
11.700000000000001,19.670458464310034,-1.1215984074770846,1.8203664278458678,0.4096220751708666,19.990093126654955,-0.8322702056052307,1.7917712062581845,19.750226934850694,-1.3131576921060297,1.8391878479510289,0.3781539856311098,-0.0003023516507580005,-0.08851088074364132,0.08297223199997461,0.137733948258904
11.8,19.83743547079423,-1.0491000032059514,1.8115153397715036,0.40960005953841794,19.486209903672425,-0.8016577219052188,1.8144582544405092,19.866650922249356,-1.1658907841052586,1.8212330069029379,0.4119314682623143,-0.43633231299858233,0.0007612947622287996,0.15285863299999392,0.1666557926290035
11.9,20.0036021805793,-0.9769577630031504,1.8115914692477264,0.3758111205063899,20.013256993429586,-1.3208331112242033,1.824101319507454,20.034725625914778,-1.1305937874243077,1.8202621713398806,0.3641464675478363,-0.43008148021913883,-0.06085639298038543,0.16307693499999232,0.19963325605318014
12.0,20.172118271344388,-0.9104674353775151,1.8055058299496878,0.3425706166518667,19.645126198788997,-0.41898067556204194,1.9768091287912362,20.139652594506817,-0.9463628779006955,1.8544802215932639,0.3802727232777965,-0.4363323129985034,-0.016009782448169814,0.14450769799998398,0.2125117043734732
12.100000000000001,20.34217783345964,-0.8498187886243327,1.8039048517048708,0.3088937688379123,20.892727552312888,-0.9480089849981826,1.463607952725576,20.36022272567225,-0.9058548310420418,1.753127864080092,0.3324735050259737,-0.4363323129985824,0.10989847503024999,0.12403471099997887,0.22178356559688123
12.200000000000001,20.514030518589912,-0.7949791883927528,1.8148946992078958,0.2752467829605947,20.861440610637832,-0.7930112719144067,1.7264674814286278,20.561093024798314,-0.8458465286518703,1.759603487268206,0.29662400886485685,-0.4363323129985824,0.09106711588883436,0.13436776700001474,0.2269536566588784
12.3,20.688688390044785,-0.7456531746577804,1.8240014107967792,0.24139481108117256,20.85769983827564,-0.5570986618721911,1.9848957846536368,20.750054847292493,-0.7542212815420964,1.832765851651389,0.2734431022374366,-0.43633231299856,-0.008754947941632184,0.16646616200000608,0.22788256094677553
12.4,20.865799926555702,-0.7020491025930242,1.823125916002616,0.20737297802757215,20.92015401568552,-1.3409864346576654,1.7619796478829548,20.93377441128933,-0.8111461928247359,1.8091529940285276,0.201283348569532,0.0003769487460226456,0.031696191464039784,0.1504426490000128,0.22485811464914854
12.5,21.04420650151277,-0.664512785937138,1.82629553514902,0.20740046702998916,20.180966678322704,-1.0670993205327672,1.525354471424904,20.99712338033133,-0.8105502339233016,1.7144033445962095,0.20378141381490833,0.010831916790202695,0.12077170222600948,0.17099952400002394,0.2223945470804737
12.600000000000001,21.22292221383138,-0.6269062973014798,1.838372705371621,0.20819178922979553,22.58767156173168,-1.0291635855301404,1.367956490565382,21.311884577284406,-0.8454352436318506,1.650116545193779,0.16429065284656463,0.4363323129985824,0.32448066643790524,0.16331015499997648,0.17750908111941863
12.700000000000001,21.402789749237638,-0.5889087744159888,1.8708207720154115,0.24248168007211213,20.89243465729736,-1.4250132761911107,1.9131844482332243,21.430334957587213,-0.9070880829756777,1.7348786144302561,0.16808656796017019,0.43633231298161945,0.20598441933168757,0.14177633000002743,0.16538875758427063
12.8,21.584398755701347,-0.5439880399906997,1.8914192139485804,0.2773768021916161,22.203802292091172,-1.1021441194697381,2.0859046613236623,21.688254107221997,-0.9210200538208166,1.858001604177399,0.17893767829863494,0.43633231298774316,-0.016135362949490577,0.12857990399999153,0.14516718635188036
12.9,21.76631111799783,-0.4921946149962877,1.8898056776536314,0.3126561327604471,21.52837462183475,-0.39513188877130007,1.9656600876141817,21.831054011247684,-0.7998737542659446,1.8827091687054303,0.24987031526017756,0.4363323129984527,-0.015975293758442543,0.15601216900000736,0.13338365708336983
13.0,21.946129895596904,-0.4340666336474291,1.888208148277787,0.34790536715702247,22.518764304273255,-0.5433600630275566,1.7023462332137336,22.05797198476742,-0.7277117630071754,1.840734768817889,0.2894219836443086,0.4363323129982116,-3.086002250529106e-05,0.21645386200003713,0.13074612194585866
13.100000000000001,22.12363824706149,-0.3696920635707889,1.8882050622755364,0.3831248039462922,21.854086666907726,0.1623221253733622,1.5946081191130912,22.167410810637744,-0.532054044189617,1.7692143777951763,0.37954714760847175,-0.0001145997760485819,0.12893752621973845,0.19420756299996356,0.1376838204668573
13.200000000000001,22.29876946481009,-0.29910707832659916,1.9010988148975103,0.3831161484311636,22.524267800853877,0.19699423878592226,1.9686640171298782,22.35157670453219,-0.35568583996888015,1.8415165259679744,0.41910992971662964,-0.4363323129985824,-0.00012487171172525645,0.1551096019999818,0.1535369750724243
13.3,22.47509719458267,-0.22804162431908254,1.901086327726338,0.3476562709793196,22.870759150873678,-0.383620993506143,1.54880809383774,22.54744382916826,-0.3091573677297291,1.764666004640357,0.37187760706861894,-0.22731205780250338,0.13384744701440673,0.1604160670000283,0.17054619134637433
13.4,22.653832348679487,-0.16327251945675825,1.9144710724277785,0.33006667236597886,22.681695533774278,-0.19965093068717515,1.8829140961549566,22.712534767769935,-0.23509725787886157,1.8072305372010409,0.3587361676176477,-0.26943001082915846,-0.022258187081568244,0.1646835470000383,0.15264229019639663
13.5,22.834945282114365,-0.1012233436826882,1.9122452537196217,0.3089198395692585,22.869906819451963,-0.011684254531523816,1.884405805140201,22.88124399221556,-0.14354215707151904,1.8280643686304205,0.34847641585811795,-0.36459407127642124,-0.018176055590586833,0.1932249299999853,0.1511025527960126
13.600000000000001,23.017117721588548,-0.04308539222447588,1.910427648160563,0.2797269735081471,22.962904772252816,-0.2198919628676708,1.6984173607260185,23.039364119130088,-0.10459174895296602,1.7880483262653337,0.3147158273690902,-0.0933940433880068,0.08638340295305723,0.20070455100000117,0.14830081666700562
13.700000000000001,23.20073481745921,0.009660224584760381,1.9190659884558687,0.272569247928625,22.79400146372929,-0.7819495050508477,1.8970059464085751,23.180539724035516,-0.16114456906240204,1.8135598635271877,0.27168423973368894,0.300311335251187,0.030502815369122985,0.15800137000002223,0.13984855055910667
13.8,23.385556688511308,0.06132277060489723,1.922116269992781,0.2963409032534674,23.37038864419873,0.5476719422606257,2.2917997116705258,23.367527935743116,0.0034471459578483132,1.953488474867699,0.33364378019028695,-0.16319535005770025,-0.14604935986290146,0.168657120999967,0.12048160619966318
13.9,23.569390085216252,0.11745290341814317,1.9075113340064909,0.28368109733237024,24.270453405926823,0.13176581149103947,2.1777152105151467,23.644170536764562,0.06796827462680972,2.018517382073699,0.30953170653520257,-0.0002283667550411884,-0.21774380842707944,0.12897372499998028,0.14714035407505163
14.0,23.75251720811164,0.17084252557160953,1.8857369531637829,0.28366367284512517,24.558487953925948,-0.692379931459143,1.7111594275659807,23.92155003615674,-0.02772389084353233,1.9246965587576224,0.24374604557689228,0.4363323129985215,-0.06454846684124978,0.151570874000015,0.1554840745752155
14.100000000000001,23.933554841198113,0.22361954681876456,1.8792821064796579,0.31883701614616555,23.679761765846777,0.24317356179244243,2.2488786362974116,24.07103870820125,0.06968322494195611,2.0046162338813103,0.3030349841003783,0.4363323129985824,-0.2865272911251937,0.12305336299999681,0.093738975753728
14.200000000000001,24.11201158502187,0.2825279752578925,1.8506293773671385,0.3538899616695703,23.815485283717855,0.23618831666825751,1.6493602657583977,24.193672333112612,0.15175383125812178,1.8772820522352667,0.35383200928025627,0.13095075372053444,-0.043568992050157025,0.1291607829999748,0.10295133298765426
14.3,24.285606496310155,0.34666141192360794,1.8462724781621227,0.3636394061045767,24.450182673543527,-0.29861473045852877,1.9493737472724049,24.392839126748704,0.12883970153858795,1.8927170160660196,0.33034712025524815,0.43633231299858166,-0.10525934841136234,0.1315300850000085,0.08318020589284333
14.4,24.45816070242018,0.4123292624284629,1.8357465433209865,0.3980766459288887,24.199508527788275,-0.0979228200784964,1.9223965782143966,24.53698300182371,0.1494369012300917,1.8854025915954151,0.355182713558309,0.4363323129985786,-0.028011435741081118,0.11867385400000785,0.08728779343647253
14.5,24.62738133864569,0.4834912606338456,1.8329453997468783,0.4323175527921741,24.423634408914726,0.7945393023535425,1.9180881612883651,24.670643294926567,0.3194682835755404,1.8913288276717783,0.4321041609750784,-0.0023330081680110228,-0.1376853054977766,0.11751480199995967,0.11575527620947572
14.600000000000001,24.793812265774708,0.5602873209462624,1.8191768691971006,0.43214650141826905,23.97654300086636,1.4274276031335507,1.717297547239854,24.714365321511732,0.5865439828348172,1.8255219165211582,0.5115885007547076,-0.4363323129983956,0.06057060669898989,0.12703583500001514,0.11928853725638006
14.700000000000001,24.959006049180488,0.6364782570102204,1.8252339298669997,0.39821465719248383,25.081792079334225,0.9195931101996867,2.063740731751782,24.902823254190437,0.7169750874247077,1.901916072506733,0.48749222815635207,-0.4363323129958048,-0.036034592173447386,0.10043561999998474,0.13239286373014567
14.8,25.127247857476515,0.707255957796979,1.8216304706496549,0.3641698348158777,24.36206430765566,1.1762560755695823,1.5761341652946226,24.96562057755013,0.8760978545753699,1.7994923698860552,0.49220349472362557,-0.4363323129968436,0.1273016547587102,0.11068691600002012,0.16451926559449734
14.9,25.297464609310744,0.7721376432790783,1.8343606361255258,0.330192225264335,26.14549283896169,0.6598789916968311,1.9590070474858892,25.257248721757893,0.8917207007348235,1.8674953346905008,0.41427872528789234,-0.4363323129985824,-0.057244275887185725,0.11444034900000588,0.15898302261337988
15.0,25.470991463516217,0.8316121781929454,1.8286362085368073,0.29597716876659863,25.617947066821767,0.34740291710253773,1.7679665841424066,25.460512917266716,0.8594050410853447,1.834030137334396,0.3395585875366942,-0.43633231299848785,-0.015490791244401522,0.11913296199998058,0.15400888185459377
15.100000000000001,25.645903732274505,0.8849488641562361,1.8270871294123672,0.26186888604579783,25.684247753515788,1.2133850708636986,1.690874885673442,25.62613032115802,0.9645377905251832,1.7955609848766478,0.32235401385490814,-0.43633231299856945,0.08024861072104282,0.15575278399995796,0.14868258873052845
15.200000000000001,25.822383509898813,0.9322496239209329,1.8351119904844715,0.22778949722334207,25.598331107247184,1.6597909456553328,1.771809394318912,25.757542500682664,1.129224267684861,1.795104791646411,0.3310239132908026,-0.436332312998498,0.18659626266862145,0.15494080000001986,0.14366223638616674
15.3,26.001154240445253,0.9736909809944138,1.8537716167513336,0.19356042623395053,25.498866139758977,0.9647470890305382,1.84339396218007,25.88367239095799,1.161260794694257,1.813493452075803,0.29499733893259394,-0.4363323129984942,0.11258147979652754,0.1047848449999833,0.1303660824840314
15.4,26.18306959376344,1.0093490277419206,1.8650297647309864,0.15898331017949774,25.487338982575306,1.1569679155462937,2.1386070846328873,26.00724979763959,1.2214933916707376,1.9025968533376123,0.2681788052525169,-0.4363323129985824,-0.04044229302176683,0.1037052190000054,0.15798734713801665
15.5,26.367220534633965,1.0388751383870207,1.8609855354288096,0.12419620370025486,26.859079017065845,1.385393669765928,2.0592880534786633,26.27344410150081,1.2783046865431036,1.9557555202266321,0.22170929156069308,-0.4363323129985824,-0.06602358756470497,0.14362305200000947,0.07834739720460196
15.600000000000001,26.55188567519393,1.0619285002399208,1.854383176672339,0.08948453142480961,26.655032535217916,1.7500506796315085,1.4227650447969882,26.45162825579046,1.3822926586048054,1.8066984773624484,0.2125955732449225,-0.4363323129985824,0.186764096629061,0.12460442799999782,0.05908561655863666
15.700000000000001,26.73658204121997,1.078500224230768,1.8730595863352453,0.0548960083673653,26.450593499396906,1.2435907841388552,2.0929449245906495,26.624511144198753,1.397437901092529,1.8965951480346923,0.16906388214885393,-0.43633231299849734,-0.04397881774556202,0.13733014500002128,0.04244103448410542
15.8,26.92360584075173,1.088777410048329,1.868661704560689,0.019959127195822823,26.161706221657926,1.5936891038847092,1.743336151803543,26.72709738189555,1.4678538100722678,1.839490053647965,0.15856630884573253,-0.4363323129984118,0.012449528932707635,0.10540021600002092,0.12363911548430913
15.9,27.110434791808114,1.0925068480875255,1.8699066574539598,-0.014895723337666755,27.247725515080592,0.6492473187380823,1.8498423451876476,26.96284027586379,1.3492012565359035,1.8469791350858231,0.06595611304769733,-0.050166583264236855,-0.04293573630971052,0.09250112400002308,0.1212018137789119
16.0,27.297404712951995,1.0897215898665662,1.8656130838229887,-0.018651147395278844,27.67373575324868,1.2979151054439158,1.5700518327479023,27.193657503618365,1.3406089494660731,1.7755302802722885,0.051725867267559344,1.4406375190282465e-06,-0.007631892586562548,0.07241596599999411,0.14501780308013448
16.1,27.483933573172266,1.0862422091398287,1.8648498945643326,-0.018651039888390564,27.491049950047202,1.4232121976763257,2.0536268943332807,27.397068150923594,1.3614598058733454,1.8551839240100192,0.05307453970930576,0.043839700650263866,-0.09684343653137373,0.11875262600000269,0.183972761407298
16.2,27.670386128114544,1.0827642718110346,1.8551655509111953,-0.015378764824734326,28.926460577304887,1.0287076198165226,1.7136303552660237,27.728763636772115,1.2952154902285957,1.8321540215046042,0.01856701103793368,0.43633231299855396,-0.051166720083275774,0.11378684099997827,0.2444070652882537
16.3,27.85588074571104,1.0799113687972701,1.8500488789028677,0.019224351316672106,27.47298968122924,1.1286279007770574,1.9347545620489914,27.87109288844908,1.275271377538036,1.849201698396805,0.046795846214761294,0.4363323129985824,-0.005536989199557164,0.1344189459999825,0.2964058447767184
16.400000000000002,28.040851448000243,1.0834677486893407,1.849495179982912,0.053732029724411046,28.550236486902886,1.44771502899713,1.7531807851478005,28.103446019795058,1.306301069510118,1.8309405097016875,0.08690501506271042,0.4363323129985396,-0.015093897077474994,0.12957658499999525,0.34017743175888304
16.5,28.22553404348271,1.0934006804649519,1.8479857902751644,0.08822938037027894,27.98771325360989,1.0544957984772103,2.1150945992630596,28.270055640437302,1.280758976035657,1.9037294484127822,0.10858819043221057,0.4363323129968065,-0.1353918690109089,0.12248400800001491,0.34787866920024296
16.6,28.409613813778144,1.1096841990825588,1.8344466033740736,0.12269857741679635,28.672437115002786,1.5822859278317822,1.5158186103051978,28.461439051697035,1.3453702025050691,1.7896589488138746,0.1570491290674667,0.4363323129985484,-0.016494415539933655,0.12548561699998118,0.3727989512180682
16.7,28.591679331401526,1.132136163335975,1.8327971618200802,0.15691523740198354,28.363726653401812,1.0670883555160626,1.8561611856928177,28.614335504693077,1.3239769041997225,1.8013914952792671,0.1735222682121571,0.4363323129985824,0.02687495429081781,0.13165463499996122,0.3899585011856891
16.8,28.77270728111637,1.160777667936767,1.835484657249162,0.19110113149804153,29.29438528471546,0.8451964209279119,1.7242020780403178,28.84703667983752,1.2630626576580417,1.7889481551998092,0.17058289132395776,0.43633231299718656,0.06356755738873711,0.11847153899998375,0.3993737143482186
16.900000000000002,28.952914372082773,1.1956408811477974,1.8418414129880358,0.22533715358196815,29.18162019130724,0.9120186203166888,1.5923924231444737,29.033901742823065,1.2251764036463824,1.7398812471316254,0.17649173402097462,0.4363323129985824,0.21922513139892086,0.11128390699997226,0.4010677815767719
17.0,29.13244212289679,1.2367940656374292,1.863763926127928,0.259691743821302,29.289286890671157,0.81928284820853,2.048082826675553,29.232093833301768,1.184060170900081,1.8418916004603805,0.18421248473611262,0.4363323129985824,0.07778234553113783,0.11257504899998594,0.3951268070420843
17.1,29.31256916202933,1.2846522885119,1.8715421606810418,0.29445523949116126,29.43078596679421,0.9384722618760799,1.8724488499569814,29.41862486974085,1.1704638329892192,1.8552594824069952,0.2010590296803496,0.4363323129985717,-0.016563887814189795,0.10694753100000298,0.35678302311719423
17.2,29.491668332491916,1.3389679191506025,1.869885771899623,0.3293638171745812,29.60041863854628,1.6224919440946275,1.7098817156995412,29.589676529210305,1.2764969341092165,1.8150590387714258,0.2603273165250046,0.43633231299847713,0.001152089895523262,0.1301587110000355,0.3305982593264066
17.3,29.668605956278213,1.3994477115476054,1.8700009808891753,0.3642414993870462,29.866562491903572,1.5501356656814562,2.056080525880693,29.78559297266827,1.3639385731927705,1.8855240155243709,0.31049744714759253,0.4363323129985804,-0.10543616225652848,0.11527853600000526,0.29725249015984945
17.400000000000002,29.843337770566187,1.4660647496151882,1.8594573646635224,0.3991213305128851,29.885671130735528,1.6035045405877426,2.049732918514299,29.962793080775967,1.4559594640094904,1.9235566149551022,0.360035287344044,0.02178086831494407,-0.19167908908908793,0.1203579769999692,0.2581334935107357
17.5,30.01466869435941,1.5383249147283036,1.8402894557546137,0.40074161058451896,30.175128418654136,1.9016695200791849,1.5719480321665045,30.126007058203644,1.5822821632888633,1.814005318785105,0.38267246571172553,-0.4333577576791168,-0.03238055226731418,0.12542229000001726,0.217161738658547
17.6,30.18411738432542,1.6101148463233383,1.8370514005278822,0.3666821728366845,29.891177310308567,1.063311113218347,2.1347355938693036,30.272886266536517,1.5618312232725318,1.891081399028108,0.31866138046670756,-0.12124241172654321,-0.08379971576500386,0.1331315249999534,0.18580516894762072
17.7,30.355610172129285,1.675976840015241,1.828671428951382,0.3577291189592966,31.06866900181486,1.9886208004815165,2.1310118454448705,30.527191748072127,1.6785244345187433,1.9649442968723183,0.322720138305431,-0.4363323129985824,-0.26196008464309595,0.12270158100000117,0.17224060151171017
17.8,30.526900797660545,1.7400074073697533,1.8024754204870723,0.32362017929652565,30.460110470745427,1.4554338301108152,1.7029568449650243,30.678605339047785,1.6924285880333239,1.8666916413112316,0.27350551911786036,-0.4363246967787837,-0.06636851948450528,0.12605375900000126,0.178021311207617
17.900000000000002,30.697791764249168,1.7973262869209692,1.7958385685386218,0.2900005241303738,30.93627862268357,1.9655237704926032,2.078653132245813,30.873923310138736,1.7826543857446417,1.923830881048254,0.24969664455310925,-0.43633231299857994,-0.12574430230067582,0.11675235799998518,0.20232593604024107
18.0,30.869876868304953,1.8486787805762763,1.7832641383085541,0.2565039930375872,30.71576209318598,1.7112398628725478,1.9476344304174107,31.025461489785368,1.8160125402712974,1.9149091042898552,0.21223554721824245,-0.4363323129985824,-0.1734874022549306,0.1475033550000262,0.14123161637101178
18.1,31.042368945837953,1.8939202776572002,1.765915398083061,0.22324200406932926,31.09856472553415,2.0249919655043933,1.9485026325386996,31.199621118599172,1.8876049769493755,1.910512643314745,0.18858408251593506,-0.4363323129985824,-0.12854298491616292,0.12335367800000085,0.18435460564146056
18.2,31.21457833490879,1.9330162908518755,1.7530610995914448,0.1903036091181307,31.407360145356222,1.9760353361785585,1.863665523973244,31.38701631119233,1.9317845498890305,1.888665967966344,0.1562503057501039,-0.43633231299760544,-0.08976984689412855,0.11450334199997769,0.2282037617831294
18.3,31.38671961746986,1.966176674251915,1.744084114902032,0.15760497648008975,31.10476514799465,1.51438692954041,1.6216072534250932,31.515514466317395,1.8898187756066651,1.7977375003205203,0.1036528906784624,-0.43633231299857167,-0.016696348240142486,0.12377048900003729,0.2013250249896685
18.400000000000002,31.558966415019754,1.9935506533624239,1.742414480078018,0.12507378531027857,31.88638565581742,2.507090217581285,1.582084557964344,31.69640187668406,2.0064914938510796,1.7408367144521464,0.1068119595727599,-0.4363323129985824,0.12393100307812294,0.11501562699999113,0.2418367948380296
18.5,31.73184676992151,2.0152869155272377,1.7548075803858303,0.09257373668065716,31.456279716298393,1.795099318583096,1.7805157135051195,31.828262543019694,1.9917527557992611,1.753066685425408,0.06578498928350607,-0.4363323129985824,0.051581650119466006,0.11307315300001619,0.23088288689241424
18.6,31.90657613881409,2.031508632088607,1.7599657453977768,0.05984252814776303,31.679857537048083,1.6863689315080446,1.6505789218151596,31.96613267321049,1.9533660114339138,1.7218420317936123,0.019059258316707073,-0.4363323129984981,0.20255715677340255,0.11467849900003557,0.26106445169016834
18.7,32.082257674241085,2.042034427058503,1.780221461075117,0.027015107940992156,32.76288033471424,1.6907525428562336,1.8447461818433426,32.21469886732563,1.9053752166134093,1.781895588160383,-0.037825879290271036,-0.43633231299858166,0.0013379312086260718,0.12967705699998078,0.28917657477628994
18.8,32.260214862588974,2.0468431295902914,1.7803552541959797,-0.00619012807945607,32.44096231542823,2.6561436922228823,2.056200054350274,32.40462021026312,2.0254467271922354,1.8596968257948536,-0.027900150631165133,-0.4363323129985824,-0.021722993584167755,0.10726594400000522,0.3143796944688382
18.900000000000002,32.438246977064814,2.0457410739233195,1.778182954837563,-0.03939785965017917,32.170613731942076,2.8202979152810776,1.8678417153332973,32.539034100860505,2.158842995088119,1.8524903093500464,-0.009253886142459145,-0.43633231299784925,-0.006310865471502241,0.10478772800001934,0.294432093485799
19.0,32.61592728638875,2.038737225888166,1.7775518682904128,-0.07256507282777314,33.190664372874835,2.3886741996111267,1.4750349620932464,32.75437537605576,2.1938602139010834,1.7544522017967765,-0.02837218077813297,-0.436332312994602,0.16856901305503014,0.10456292100002429,0.30941114726940266
19.1,32.79321467670785,2.02584972502613,1.7944087695959159,-0.1057205147854905,33.38416378527335,1.7286646528480556,1.8023135325813084,32.98317165355695,2.1080751519360073,1.788556056054296,-0.09326308415047979,-0.4363323129985824,0.05316274627628034,0.12465879300003735,0.32273660847719304
19.200000000000003,32.9716536974789,2.0069144618831327,1.799725044223544,-0.13919037683041324,33.68344320034856,1.6320525083722637,2.019011541582733,33.23084135888291,2.010254555422426,1.8669784993724443,-0.16061363885881752,-0.4363323129985824,-0.010978700303544168,0.11741950300000781,0.3933535848938481
19.3,33.149885624640795,1.9819448305640721,1.7986271741931896,-0.17275939965820442,33.096308018646994,1.3865095609146638,1.8261050405780574,33.38042254446257,1.8802706187342968,1.8503712085019905,-0.2319744584903196,-0.4363323129985824,-0.00021478088496457116,0.12651358900001242,0.4075773923189424
19.400000000000002,33.327070936859435,1.951026191340379,1.7986056961046932,-0.20630794467788327,33.66146298191555,1.4380642848120018,1.7360970837128848,33.56590064044285,1.770460836494905,1.821348988004349,-0.29073507147896827,-0.023176897311492955,-0.08528154890009342,0.09814924300002303,0.35073174859551504
19.5,33.503117363907045,1.9141821955693918,1.7900775412146839,-0.2079756872891143,33.98639914576188,1.6213678542677705,2.0409860230427856,33.77763563076411,1.6997007657799847,1.8814432725745238,-0.2995483239712091,-0.00014291908658280303,-0.06931542420398358,0.030901218999986213,0.43282090758683817
19.6,33.678267661775244,1.8772207400746153,1.7831459987942855,-0.20798592073906796,33.02926766213764,2.1664383257829707,1.863503814218203,33.859203435233724,1.7292738568001251,1.8530369624406107,-0.2717385814223441,-0.254172149069268,-0.10074427977301026,0.13200189299999465,0.30347552729671023
19.700000000000003,33.85273936546478,1.8404006213644348,1.7730715708169844,-0.22651572187525426,34.15261434945482,1.1491291701258557,1.5542788238172025,34.032900962318536,1.5933902085930125,1.7664844326154232,-0.32247321661671524,0.18626581347154927,0.21503393293541986,0.11672075699999596,0.31237438458910277
19.8,34.02551717934836,1.800580337814423,1.7945749641105264,-0.21315028738652364,33.722976181040416,1.9359401730793357,1.5895012627199163,34.14235659981809,1.603895964657163,1.7221502984957684,-0.28854233271183816,-0.0001465474007791029,0.6276401500906637,0.13000088199999027,0.26446970531506797
19.900000000000002,34.200913436700446,1.7626179100074,1.857338979119593,-0.21316080699845852,34.51472378744019,1.7558186940174634,2.305980315823649,34.35689526976334,1.583533179159849,1.933551513906287,-0.2740449152389073,-0.11836514775637008,1.1293237889780505,0.1330715490000216,0.2725037693714886
20.0,34.38244364320638,1.7233258629815242,1.9702713580173978,-0.2219958743684387,34.447120825692515,1.070953129290557,1.9679433624787304,34.52373263722487,1.4531442829024155,2.02503084486321,-0.3133444585576046,0.000951336103548771,1.999999999999998,0.12134018000000424,0.2808114058507333
20.1,34.57463572264492,1.6799450280042487,2.1702713580173976,-0.22192089873475318,34.93162727292248,1.4772195903160785,1.8200710235937398,34.72182327081339,1.413927611201318,2.1147975988345644,-0.30442273192619895,7.342440774313379e-05,1.9999999999999396,0.10794708399998854,0.28365729160978526
20.200000000000003,34.78634058309134,1.6321765264821078,2.3702713580173915,-0.22191452469917738,34.424968020405714,1.5929486010409721,2.3246700309709256,34.87221147249115,1.3852025631688072,2.307732193074159,-0.2966213146515164,-0.0003937038936550187,2.0,0.09159865999998829,0.2762400616542018
20.3,35.017555305112644,1.5800074223400444,2.5702713580173917,-0.2219518521036128,34.53564860252409,1.32349563872037,2.6284577263525835,35.03650585256054,1.3078735351968829,2.531922659064806,-0.30574442196400753,0.0,0.0,0.0,0.2236733546741589
20.400000000000002,35.26827747240965,1.5234270073156209,2.5702713580173917,-0.2219518521036128,34.75027469264753,1.3376868369131798,2.768252485481369,35.23183074314396,1.23762543787892,2.5885146397876038,-0.3082294992791428,0.0,0.0,0.0,0.3156940667862412
20.5,35.51899963970666,1.4668465922911973,2.5702713580173917,-0.2219518521036128,35.71975573244587,1.52232762981144,2.593255680466958,35.51375589673563,1.2318809739246799,2.5921166359141115,-0.27861411194195007,0.0,0.0,0.0,0.5304918614774097
20.6,35.76972180700366,1.4102661772667737,2.5702713580173917,-0.2219518521036128,35.83765186061757,1.368198897558483,2.6742974195275924,35.78007911632627,1.2005368756117634,2.6153903347141103,-0.2628072673307864,0.0,0.0,0.0,0.7715610043673713
20.700000000000003,36.02044397430067,1.3536857622423502,2.5702713580173917,-0.2219518521036128,35.7902550063286,1.1531094081520297,2.4468326721007987,35.99731246902768,1.1332211276482758,2.563841926518465,-0.26612486351519804,0.0,0.0,0.0,1.0204494347609263
20.8,36.271166141597675,1.2971053472179266,2.5702713580173917,-0.2219518521036128,36.2614416380192,1.005005419489961,2.1794876317859444,36.22662026047965,1.0595861358096326,2.4566969966622483,-0.2699792927251048,0.0,0.0,0.0,1.2725775463303952
20.900000000000002,36.52188830889468,1.240524932193503,2.5702713580173917,-0.2219518521036128,36.433839927867005,1.0562299320672226,2.486145743263238,36.46288852618549,1.004956574397086,2.464138297649108,-0.26637471192564943,0.0,0.0,0.0,1.5263407453847166
21.0,36.77261047619169,1.1839445171690794,2.5702713580173917,-0.2219518521036128,36.22787521627037,1.1905109617137175,2.4470569042843566,36.65158065192802,0.9773988588263572,2.4499349013444176,-0.25860258113182066,0.0,0.0,0.0,1.7810402656020283
21.1,37.02333264348869,1.1273641021446559,2.5702713580173917,-0.2219518521036128,36.99533697026812,0.17541128425366326,2.215513832638203,36.872447741860064,0.7792062592322544,2.3895871912815267,-0.30449039384714105,0.0,0.0,0.0,2.036324797630968
21.200000000000003,37.2740548107857,1.0707836871202323,2.5702713580173917,-0.2219518521036128,37.48287467795072,0.9718701194501311,2.8567547713508636,37.17260290194799,0.7597408093689011,2.525844009301514,-0.2808567680349108,0.0,0.0,0.0,2.2919988726600082
21.3,37.524776978082706,1.0142032720958087,2.5702713580173917,-0.2219518521036128,37.55794852824778,0.6948651287858705,2.60097557028821,37.43532898259799,0.6929172957789912,2.54934912877132,-0.27797123384628364,0.0,0.0,0.0,2.5479452270760423
21.400000000000002,37.77549914537971,0.9576228570713852,2.5702713580173917,-0.2219518521036128,37.94025062881223,1.0372019380551987,2.6418843543411596,37.72411126682154,0.7057889761462713,2.57773594794366,-0.24735789798155983,0.0,0.0,0.0,2.8040893040631403
21.5,38.02622131267672,0.9010424420469616,2.5702713580173917,-0.2219518521036128,37.847195208712414,0.8358360249290386,2.3466313348079963,37.952769234553344,0.6793796515801512,2.5098341792828607,-0.2374808773850714,0.0,0.0,0.0,3.0603814577957302
21.6,38.276943479973724,0.844462027022538,2.5702713580173917,-0.2219518521036128,37.960050526444334,0.2566030582341716,2.3696912290300096,38.15494049938458,0.5482872800456856,2.468100897490966,-0.2641048968038473,0.0,0.0,0.0,3.3167873622460964
21.700000000000003,38.52766564727073,0.7878816119981145,2.5702713580173917,-0.2219518521036128,38.293491326032694,1.346778451477352,2.580066307727087,38.40606077929967,0.642203551714686,2.493734966751997,-0.2125818715598773,0.0,0.0,0.0,3.5732825304708
21.8,38.778387814567736,0.7313011969736909,2.5702713580173917,-0.2219518521036128,38.60630146607684,0.9870217749189731,3.0208975809140384,38.67884882782109,0.6567663264652868,2.6389925722673175,-0.18888430982045668,0.0,0.0,0.0,3.829849027815206
21.900000000000002,39.02910998186474,0.6747207819492673,2.5702713580173917,-0.2219518521036128,39.11805213272502,1.1489090318582706,2.2780914133259356,38.95185110475147,0.717221922360979,2.538797609474623,-0.1525222498144485,0.0,0.0,0.0,4.086473419248342
22.0,39.27983214916175,0.6181403669248438,2.5702713580173917,-0.2219518521036128,38.77125590392468,1.4131404330382473,2.8840508664574402,39.1853049411187,0.8056986260494081,2.6252789547878175,-0.11312025087551403,0.0,0.0,0.0,4.343145442380014
22.1,39.530554316458755,0.5615599519004202,2.5702713580173917,-0.2219518521036128,39.773654049384184,0.8031232648991345,2.4195972262957346,39.47309597540016,0.7888408201756862,2.5733470249586685,-0.10723104367024483,0.0,0.0,0.0,4.599857123670932
22.200000000000003,39.78127648375576,0.5049795368759966,2.5702713580173917,-0.2219518521036128,39.49788807526278,-0.1553123971806979,2.520631345292612,39.685637742179736,0.5831469236260258,2.557027524189957,-0.1671437537462661,0.0,0.0,0.0,4.856602174337842
22.3,40.03199865105277,0.44839912185157305,2.5702713580173917,-0.2219518521036128,38.73114935840107,0.6964057020604949,2.6323205433908012,39.81012727288402,0.5505257236423572,2.556236126895806,-0.17092631122034208,0.0,0.0,0.0,5.113375567905878
22.400000000000002,40.28272081834977,0.3918187068271495,2.5702713580173917,-0.2219518521036128,39.42376647832475,0.03214732461766523,2.730156062426544,39.99253663549788,0.4051704023205679,2.595086828685884,-0.20754534651356193,0.0,0.0,0.0,5.370173238751928
22.5,40.53344298564678,0.3352382918027259,2.5702713580173917,-0.2219518521036128,40.78389829774479,0.9891245472073287,2.325569354613992,40.3027957309495,0.4841834764165233,2.5269649447064007,-0.16175196046202922,0.0,0.0,0.0,5.626991863068122
22.6,40.784165152943785,0.27865787677830234,2.5702713580173917,-0.2219518521036128,40.25308216974312,0.2810137243915364,2.5107609977875716,40.515815599232326,0.408146192621708,2.517632299535951,-0.17512639287905074,0.0,0.0,0.0,5.883828697110347
22.700000000000003,41.03488732024079,0.22207746175387877,2.5702713580173917,-0.2219518521036128,41.28152198467847,0.724701273277788,2.60317708529403,40.83061268964812,0.4397245121710101,2.5496528589005645,-0.14719295178031633,0.0,0.0,0.0,6.140681455988456
22.8,41.2856094875378,0.1654970467294552,2.5702713580173917,-0.2219518521036128,41.406020215946434,0.5384537159589304,2.8393636151870183,41.13478941047826,0.4304618873335832,2.6361907099513098,-0.13537519311720914,0.0,0.0,0.0,6.397548221621988
22.900000000000002,41.536331654834804,0.10891663170503163,2.5702713580173917,-0.2219518521036128,42.11509670281793,0.8098736076193407,2.37438146400784,41.468185074426216,0.4862986090412817,2.5744395511371057,-0.10222116934964198,0.0,0.0,0.0,6.6544273719918
23.0,41.78705382213181,0.05233621668060806,2.5702713580173917,-0.2219518521036128,42.204343493266286,-0.41797251186160084,3.1492352652745317,41.793944422239356,0.29454519637439636,2.7463157642919294,-0.152429399133287,0.0,0.0,0.0,6.911317526154158
23.1,42.037775989428816,-0.004244198343815508,2.5702713580173917,-0.2219518521036128,42.57454104593593,0.6268888008336331,2.5594034111252295,42.11711283833539,0.33316355655485363,2.702027864850051,-0.12404730190121827,0.0,0.0,0.0,7.168217501067782
23.200000000000003,42.28849815672582,-0.06082461336823908,2.5702713580173917,-0.2219518521036128,42.39335104766601,0.060774871296927824,2.3036897736129727,42.36326891404725,0.2562650657838612,2.591121978940317,-0.13903183400441543,0.0,0.0,0.0,7.425126277376038
23.3,42.53922032402283,-0.11740502839266265,2.5702713580173917,-0.2219518521036128,42.80999761576263,-0.2970663645984256,2.733776662073259,42.64122560312259,0.12164952934320353,2.6358041801883356,-0.16982843106334933,0.0,0.0,0.0,7.682042972049996
23.400000000000002,42.789942491319835,-0.17398544341708622,2.5702713580173917,-0.2219518521036128,42.57673597053237,-0.4504210788237834,2.636294549318392,42.8585839176477,-0.02916117243086,2.631593633799943,-0.2059055350684389,0.0,0.0,0.0,7.938966816339656
23.5,43.04066465861684,-0.23056585844150979,2.5702713580173917,-0.2219518521036128,42.73542127189142,-0.8371800671592908,2.333552087255842,43.049310505838065,-0.23129884099339618,2.5435878574392077,-0.2567949435784844,0.0,0.0,0.0,8.195897137869569
23.6,43.29138682591385,-0.28714627346593335,2.5702713580173917,-0.2219518521036128,42.9526181461528,-0.058502092150249346,2.9215611067403473,43.27950834847465,-0.25913377064674126,2.6426368571904226,-0.2459088130996787,0.0,0.0,0.0,8.45283334599777
23.700000000000003,43.54210899321085,-0.3437266884903569,2.5702713580173917,-0.2219518521036128,43.900199109850874,-0.03284169921086233,2.5955408855597386,43.57841052578636,-0.261627121065002,2.634750582815345,-0.2236316306031516,0.0,0.0,0.0,8.709774919764689
23.8,43.79283116050786,-0.4003071035147805,2.5702713580173917,-0.2219518521036128,42.834784088965314,-0.5179903969838987,2.742695914186169,43.726366392829306,-0.3752683537609249,2.648143239775453,-0.2482302280926203,0.0,0.0,0.0,8.966721397912897
23.900000000000002,44.043553327804865,-0.45688751853920406,2.5702713580173917,-0.2219518521036128,43.953335555569126,-0.38261460042907985,2.6391117340261485,43.9802940564417,-0.4296966510439166,2.6448594826939686,-0.24506978216446518,0.0,0.0,0.0,9.22367237057415
24.0,44.29427549510187,-0.5134679335636276,2.5702713580173917,-0.2219518521036128,44.861029570137354,-0.43478901441729956,2.49443673857036,44.300230532069186,-0.4698733252276218,2.613413681045446,-0.2330009854615458,0.0,0.0,0.0,9.480627472307608
24.1,44.54499766239888,-0.5700483485880512,2.5702713580173917,-0.2219518521036128,44.40892472546786,-0.5974573903478932,2.7910564489656187,44.54569866224889,-0.5476637120237652,2.660922048278349,-0.23909883014426114,0.0,0.0,0.0,9.737586376239825
24.200000000000003,44.795719829695884,-0.6266287636124748,2.5702713580173917,-0.2219518521036128,44.7300646595058,-0.5227079702717145,2.515159627952931,44.79043254722582,-0.5935934881948665,2.6184036059631004,-0.23476665615573333,0.0,0.0,0.0,9.994548789108292
24.3,45.04644199699289,-0.6832091786368983,2.5702713580173917,-0.2219518521036128,44.21867003551862,-1.5154882347146525,2.568742357775451,44.9340280815578,-0.8333615833817734,2.5935233294902984,-0.2991524983750451,0.0,0.0,0.0,10.251514447050129
24.400000000000002,45.297164164289896,-0.7397895936613219,2.5702713580173917,-0.2219518521036128,45.179808164750526,-0.5789884672650152,2.9049086411897633,45.20316461695507,-0.8510128234489536,2.679274628378502,-0.2790452089093667,0.0,0.0,0.0,10.508483112008404
24.5,45.5478863315869,-0.7963700086857455,2.5702713580173917,-0.2219518521036128,45.18872864305091,-0.8176129786382625,3.1507202025958025,45.45500740221892,-0.9160275939158409,2.8061814068692508,-0.27669676499252427,0.0,0.0,0.0,10.76545456865297
24.6,45.79860849888391,-0.852950423710169,2.5702713580173917,-0.2219518521036128,45.695799063083896,-1.605868113419344,2.5193789333210415,45.6948276804175,-1.1067484438659951,2.7281683021067464,-0.3148263498177575,0.0,0.0,0.0,11.022428621731839
24.700000000000003,46.049330666180914,-0.9095308387345926,2.5702713580173917,-0.2219518521036128,46.21035891756088,-1.4878451043342902,2.532324963636481,45.96738329694033,-1.2395346638604707,2.6791865947549915,-0.3286859143010892,0.0,0.0,0.0,11.279405093784524
24.8,46.30005283347792,-0.9661112537590162,2.5702713580173917,-0.2219518521036128,46.32253290998866,-0.9554920251395357,2.7967054788544075,46.246709173134896,-1.2548372446037876,2.7119414291567536,-0.30435000751306296,0.0,0.0,0.0,11.536383823160886
24.900000000000002,46.55077500077493,-1.0226916687834398,2.5702713580173917,-0.2219518521036128,46.62270961792506,-1.4465787169344577,2.370676317001175,46.49993582723251,-1.349399574325275,2.618890407809462,-0.3090010387408837,0.0,0.0,0.0,11.793364662298922
25.0,46.80149716807193,-1.0792720838078633,2.5702713580173917,-0.2219518521036128,47.32074911847193,-1.4170536816436223,2.287918402756914,46.79944611506,-1.4083547557418654,2.5359027236275007,-0.29797734046418345,0.0,0.0,0.0,12.05034747622286
25.1,47.05221933536894,-1.135852498832287,2.5702713580173917,-0.2219518521036128,46.89587628314084,-1.1087524465635314,2.4485294548971077,47.02972241752071,-1.4147474532017636,2.5069257763727557,-0.27833077083199376,0.0,0.0,0.0,12.307332141229358
25.200000000000003,47.302941502665945,-1.1924329138567105,2.5702713580173917,-0.2219518521036128,47.41001049599838,-1.4751561415057806,2.481199185554365,47.28569569300299,-1.4784593821951444,2.5020771145041727,-0.2753589599315469,0.0,0.0,0.0,12.5643185437349
25.3,47.55366366996295,-1.249013328881134,2.5702713580173917,-0.2219518521036128,47.672269924708914,-0.21424614731563452,2.2367890128296777,47.56072891152308,-1.2925006548850178,2.4235076314254997,-0.19432181766788492,0.0,0.0,0.0,12.821306579261767
25.400000000000002,47.80438583725996,-1.3055937439055576,2.5702713580173917,-0.2219518521036128,48.062707989955484,-0.9012597714677802,2.3373297580695724,47.83380827279362,-1.2518122020545581,2.401977547731325,-0.16426419902079337,0.0,0.0,0.0,13.07829615154353
25.5,48.05510800455696,-1.3621741589299812,2.5702713580173917,-0.2219518521036128,48.604789058077,-1.9846054300193918,2.3746212545320753,48.11598851373729,-1.4074267935374833,2.4064661778225784,-0.19696703586431275,0.0,0.0,0.0,13.335287171733963
25.6,48.30583017185397,-1.4187545739544047,2.5702713580173917,-0.2219518521036128,48.46704485062556,-1.1568950409525185,2.5026470906658447,48.37532177677042,-1.3988936090003405,2.4342866208162834,-0.17781403232533233,0.0,0.0,0.0,13.59227955770567
25.700000000000003,48.556552339150976,-1.4753349889788283,2.5702713580173917,-0.2219518521036128,48.777354034155465,-1.6902115462357454,3.080388993477893,48.66026306205791,-1.4911013357900142,2.6191660900653653,-0.19041610719248192,0.0,0.0,0.0,13.849273233426775
25.8,48.80727450644798,-1.5319154040032519,2.5702713580173917,-0.2219518521036128,48.286030789057826,-1.651458433820044,2.398733893737737,48.83391538511883,-1.5702659398239003,2.546646702684741,-0.20550484035992334,0.0,0.0,0.0,14.106268128405759
25.900000000000002,49.05799667374499,-1.5884958190276754,2.5702713580173917,-0.2219518521036128,48.92271481170148,-1.8263911847448904,2.360562114824346,49.052517096852874,-1.6611115982508624,2.4924153006700855,-0.21999512984129943,0.0,0.0,0.0,14.363264177195859
26.0,49.308718841041994,-1.645076234052099,2.5702713580173917,-0.2219518521036128,48.94113621970473,-1.3734777600033476,2.4435654575825136,49.25974031702262,-1.6576370039458854,2.4711715504467637,-0.2039171708712546,0.0,0.0,0.0,14.620261318951735
26.1,49.559441008339,-1.7016566490765226,2.5702713580173917,-0.2219518521036128,50.580368783034984,-2.0596836208405365,2.7890310989701903,49.63168423018649,-1.75774685506777,2.580605604923942,-0.21118563767347842,0.0,0.0,0.0,14.8772594970321
26.200000000000003,49.810163175636006,-1.7582370641009462,2.5702713580173917,-0.2219518521036128,50.14314401595123,-1.1846401047266886,2.643253886414586,49.92696266231764,-1.6906695559432268,2.6003528113519145,-0.16931560757329,0.0,0.0,0.0,15.134258658642787
26.3,50.06088534293301,-1.8148174791253697,2.5702713580173917,-0.2219518521036128,49.226798752645514,-1.974743314392115,2.6726088418227048,50.07611770688834,-1.7967383264250127,2.604553590467477,-0.1963451492516004,0.0,0.0,0.0,15.39125875451561
26.400000000000002,50.31160751023002,-1.8713978941497933,2.5702713580173917,-0.2219518521036128,49.94004003479176,-2.2071128124656902,2.219997634958454,50.26295300184128,-1.9184390609835091,2.4911266728441768,-0.22360414198738887,0.0,0.0,0.0,15.648259738618846
26.5,50.562329677527025,-1.9279783091742169,2.5702713580173917,-0.2219518521036128,50.70020371742709,-1.7700955566323,2.5202091047746764,50.5324212178003,-1.932261885503644,2.5019490433331564,-0.2085393690696331,0.0,0.0,0.0,15.90526156789578
26.6,50.81305184482403,-1.9845587241986404,2.5702713580173917,-0.2219518521036128,51.250458886621615,-2.123960731174549,2.325875088361308,50.81892743070441,-2.000554883184868,2.4614674332840543,-0.21107160073944486,0.0,0.0,0.0,16.162264202028204
26.700000000000003,51.06377401212104,-2.041139139223064,2.5702713580173917,-0.2219518521036128,50.17671840143879,-2.2690627442298914,2.5500774657073086,50.961943388339314,-2.1086293097032067,2.4715441717794135,-0.2356922692429726,0.0,0.0,0.0,16.41926760322211
26.8,51.31449617941804,-2.0977195542474876,2.5702713580173917,-0.2219518521036128,52.05536574340189,-1.903999756221026,2.40149312817623,51.29844106330155,-2.1019559628201145,2.4659029535297594,-0.2084693348996396,0.0,0.0,0.0,16.676271736013202
26.900000000000002,51.56521834671505,-2.154299969271911,2.5702713580173917,-0.2219518521036128,51.833847944709795,-2.3902930844524426,2.6982175708251885,51.57983540026732,-2.194802907643943,2.537109335999838,-0.21908026497682354,0.0,0.0,0.0,16.93327656709012
27.0,51.815940514012055,-2.2108803842963347,2.5702713580173917,-0.2219518521036128,52.3141563818692,-2.3768769352749266,2.549062865596331,51.88017670086592,-2.265499445219652,2.5495210638340238,-0.22040869686245967,0.0,0.0,0.0,17.190282065133513
27.1,52.06666268130906,-2.2674607993207583,2.5702713580173917,-0.2219518521036128,52.74593820299403,-2.3094067201805806,2.7532341166999252,52.20798399913284,-2.3105414166380314,2.6174368265455827,-0.2114318352378004,0.0,0.0,0.0,17.44728820066933
27.200000000000003,52.31738484860607,-2.324041214345182,2.5702713580173917,-0.2219518521036128,52.04590117327886,-1.9358446153942386,2.202233789325681,52.40443653293097,-2.287326660506506,2.4920472089361696,-0.19051090747959387,0.0,0.0,0.0,17.70429494593491
27.3,52.568107015903074,-2.3806216293696054,2.5702713580173917,-0.2219518521036128,52.73295047060276,-3.1830766548992164,2.6196715317782804,52.65017381464024,-2.4941747731553074,2.532432077257427,-0.24168023667790273,0.0,0.0,0.0,17.961302274756545
27.400000000000002,52.81882918320008,-2.437202044394029,2.5702713580173917,-0.2219518521036128,52.55802274280111,-1.5708690551831084,2.5118025460213746,52.874544489319106,-2.3753322357310664,2.516854182803096,-0.18572906220266905,0.0,0.0,0.0,18.21831016243739
27.5,53.069551350497086,-2.4937824594184526,2.5702713580173917,-0.2219518521036128,52.32272891865146,-2.426479470493447,2.2792475852499012,53.021060102672834,-2.4339655369656037,2.436174908274999,-0.19648611276897698,0.0,0.0,0.0,18.47531858565479
27.6,53.32027351779409,-2.550362874442876,2.5702713580173917,-0.2219518521036128,53.45555168601133,-2.5730830701125638,2.3169610106718634,53.27438886322604,-2.4941827696019505,2.4065476893838507,-0.19956808595275044,0.0,0.0,0.0,18.732327522365985
27.700000000000003,53.5709956850911,-2.6069432894672997,2.5702713580173917,-0.2219518521036128,53.29039353336628,-2.802053005348956,2.70717885616621,53.49624462602511,-2.5970584726411037,2.487871821568574,-0.21818869557860543,0.0,0.0,0.0,18.98933695172151
27.8,53.821717852388105,-2.6635237044917233,2.5702713580173917,-0.2219518521036128,53.923520668081665,-1.8325393083590675,3.0611746675821885,53.80136973145606,-2.50122099959789,2.6487604942756326,-0.16598427081857414,0.0,0.0,0.0,19.24634685398552
27.900000000000002,54.07244001968511,-2.720104119516147,2.5702713580173917,-0.2219518521036128,54.420826113183246,-3.0696224800321423,2.512750837069424,54.08712957140906,-2.6365457534302728,2.6187987039122347,-0.19390355212160149,0.0,0.0,0.0,19.503357210462454
